date,SJC_GOLD_VND,EXRATE_VNDPUSD,GOLD_W_USD,CPI,IR,lGOLD_SJC,lEXRATE,lGOLD_W,lCPI,dlGOLD_SJC,dlEXRATE,dlGOLD_W,dlCPI,dIR,D_covid,D_sbv24
2015-01-01,34900000.0,21311.7,1278.5,100.0,6.5,17.367997387172654,9.967011496664464,7.153442794731241,4.605170185988092,,,,,,0,0
2015-02-01,35100000.0,21276.05,1246.4666748046875,100.05244851404515,6.5,17.373711688436096,9.96533730592525,7.128068167591936,4.605694533634285,0.005714301263441968,-0.0016741907392141542,-0.02537462713930516,0.0005243476461931351,0.0,0,0
2015-03-01,34700000.0,21413.18181818182,1214.433349609375,100.10492453655657,6.5,17.36225024491709,9.971761984188793,7.102032868063849,4.606218881280479,-0.01146144351900702,0.006424678263543981,-0.02603529952808703,0.0005243476461940233,0.0,0,0
2015-04-01,34400000.0,21565.954545454544,1182.4000244140625,100.15742808196201,6.5,17.353567122343627,9.978871171745025,7.075301570841825,4.606743228926673,-0.008683122573462043,0.007109187556231689,-0.02673129722202372,0.0005243476461940233,0.0,0,0
2015-05-01,34500000.0,21720.238095238095,1189.4000244140625,100.20995916469684,6.5,17.356469882001587,9.985999736015327,7.081204277798862,4.607267576572867,0.0029027596579602744,0.007128564270301396,0.005902706957036763,0.0005243476461940233,0.0,0,0
2015-06-01,34100000.0,21784.227272727272,1171.5,100.26251779920398,6.5,17.344807942253745,9.988941467310891,7.066040257947851,4.607791924219061,-0.011661939747842354,0.0029417312955644093,-0.015164019851011012,0.0005243476461940233,0.0,0,0
2015-07-01,33800000.0,21803.956521739132,1094.9000244140625,100.31510399993392,6.5,17.335971360453247,9.989846724132429,6.998418336177362,4.608316271865255,-0.008836581800498067,0.0009052568215377477,-0.06762192177048831,0.0005243476461940233,0.0,0,0
2015-08-01,32500000.0,22158.761904761905,1131.5999755859375,100.36771778134474,6.5,17.296750647299966,10.005988268576653,7.031387817852595,4.608840619511449,-0.039220713153280684,0.01614154444422411,0.032969481675232615,0.0005243476461940233,0.0,0,0
2015-09-01,33200000.0,22478.68181818182,1115.5,100.42035915790208,6.5,17.318060433886718,10.020322664307118,7.017058013872587,4.609364967157643,0.021309786586751756,0.014334395730465133,-0.014329803980007938,0.0005243476461940233,0.0,0,0
2015-10-01,33800000.0,22353.909090909092,1141.5,100.47302814407921,6.5,17.335971360453247,10.014756488144279,7.04009846596985,4.609889314803837,0.01791092656652893,-0.005566176162838943,0.023040452097262687,0.0005243476461940233,0.0,0,0
2015-11-01,33100000.0,22414.47619047619,1100.9000244140625,100.52572475435694,6.5,17.31504384034729,10.017462287611432,7.003883328252815,4.610413662450031,-0.020927520105956887,0.0027057994671526586,-0.03621513771703455,0.0005243476461940233,0.0,0,0
2015-12-01,33400000.0,22494.695652173912,1060.300048828125,100.57844900322372,6.5,17.32406645794693,10.021034811607127,6.966307211982987,4.610938010096225,0.009022617599640625,0.003572523995694965,-0.03757611626982804,0.0005243476461940233,0.0,0,0
2016-01-01,33600000.0,22376.47619047619,1116.4000244140625,100.79939995582009,6.5,17.33003662493343,10.015765515960151,7.017864523530728,4.613132402800305,0.005970166986500658,-0.005269295646975536,0.051557311547741236,0.0021943927040801725,0.0,0,0
2016-02-01,35500000.0,22281.761904761905,1233.9000244140625,101.02083629394326,6.5,17.385043254445645,10.011523771020563,7.117935183690583,4.6153267955043855,0.05500662951221358,-0.004241744939587733,0.10007066015985444,0.0021943927040801725,0.0,0,0
2016-03-01,36300000.0,22276.043478260868,1234.199951171875,101.24275908388918,6.5,17.40732829923508,10.01126709650604,7.118178226324395,4.617521188208466,0.022285044789434494,-0.0002566745145227145,0.00024304263381225155,0.0021943927040801725,0.0,0,0
2016-04-01,36600000.0,22269.380952380954,1289.199951171875,101.46516939429627,6.5,17.415558798371595,10.010967962486566,7.161777112066535,4.619715580912546,0.0082304991365163,-0.0002991340194746783,0.04359888574213944,0.0021943927040801725,0.0,0,0
2016-05-01,37000000.0,22286.5,1303.7999877929688,101.68806829615052,6.5,17.4264284706085,10.011736392965124,7.1730383471277825,4.621909973616626,0.010869672236903938,0.0007684304785584573,0.011261235061247987,0.0021943927040801725,0.0,0,0
2016-06-01,37900000.0,22314.18181818182,1318.4000244140625,101.91145686279067,6.5,17.450461670052654,10.012977711286185,7.184174177673155,4.624104366320706,0.024033199444154718,0.0012413183210604473,0.011135830545372372,0.0021943927040801725,0.0,0,0
2016-07-01,36300000.0,22278.47619047619,1349.0,102.13533616991337,6.5,17.40732829923508,10.011376298097073,7.207118856207756,4.626298759024786,-0.043133370817574956,-0.0016014131891122219,0.022944678534600804,0.0021943927040801725,0.0,0,0
2016-08-01,36700000.0,22268.652173913044,1306.9000244140625,102.35970729557837,6.5,17.4182873130248,10.010935236368377,7.175413218283886,4.6284931517288666,0.010959013789719307,-0.00044106172869540217,-0.03170563792386982,0.0021943927040801725,0.0,0,0
2016-09-01,36700000.0,22275.863636363636,1313.300048828125,102.5845713202137,6.5,17.4182873130248,10.011259023141335,7.180298369770832,4.630687544432948,0.0,0.00032378677295774594,0.004885151486946349,0.0021943927040810607,0.0,0,0
2016-10-01,35600000.0,22275.714285714286,1271.5,102.80992932662087,6.5,17.38785619582226,10.011252318523617,7.147952584862174,4.632881937137028,-0.030431117202539326,-6.704617717900874e-06,-0.03234578490865836,0.0021943927040801725,0.0,0,0
2016-11-01,33700000.0,22429.954545454544,1170.800048828125,103.0357823999801,6.5,17.33300839532259,10.018152601005493,7.0654425965226535,4.635076329841108,-0.054847800499668864,0.006900282481876019,-0.08250998833952039,0.0021943927040801725,0.0,0,0
2016-12-01,34300000.0,22716.863636363636,1150.0,103.26213162785554,6.5,17.35065591213617,10.030862819131977,7.047517221357296,4.637270722545188,0.01764751681357879,0.012710218126484207,-0.017925375165357416,0.0021943927040801725,0.0,0,0
2017-01-01,35900000.0,22601.863636363636,1201.2999877929688,103.56027562733394,6.5,17.396247853458508,10.025787643646593,7.091159572565812,4.640153816402911,0.045591941322339125,-0.005075175485384165,0.043642351208515784,0.002883093857723118,0.0,0,0
2017-02-01,36100000.0,22714.05,1252.5999755859375,103.85928044425842,6.5,17.40180342330311,10.03073895473472,7.132976650600603,4.643036910260635,0.0055555698446028146,0.004951311088126076,0.041817078034791066,0.002883093857724006,0.0,0,0
2017-03-01,35700000.0,22788.08695652174,1247.300048828125,104.15914856402757,6.5,17.39066124674987,10.033993176483902,7.128736533278721,4.645920004118358,-0.011142176553242678,0.003254221749182662,-0.004240117321882231,0.002883093857723118,0.0,0,0
2017-04-01,36400000.0,22682.6,1266.0999755859375,104.45988247921596,6.5,17.41007933260697,10.029353389719175,7.143696569243321,4.6488030979760815,0.01941808585710092,-0.004639786764727205,0.014960035964600493,0.002883093857723118,0.0,0,0
2017-05-01,36300000.0,22683.391304347828,1272.0,104.76148468959485,6.5,17.40732829923508,10.029388275073828,7.148345743900068,4.651686191833805,-0.002751033371890088,3.488535465301368e-05,0.004649174656746524,0.002883093857723118,0.0,0,0
2017-06-01,36600000.0,22695.227272727272,1240.699951171875,105.06395770215298,6.5,17.415558798371595,10.029909929060617,7.1234309760935215,4.654569285691529,0.0082304991365163,0.0005216539867891612,-0.024914767806546223,0.002883093857724006,0.0,0,0
2017-07-01,36600000.0,22716.190476190477,1266.5999755859375,105.36730403111738,6.25,17.415558798371595,10.030833186073565,7.144091404807055,4.657452379549252,0.0,0.0009232570129480422,0.020660428713533463,0.002883093857723118,-0.25,0,0
2017-08-01,37700000.0,22726.652173913044,1316.199951171875,105.67152619797433,6.25,17.445170652418238,10.031293619325416,7.182504038924217,4.660335473406975,0.02961185404664235,0.0004604332518507448,0.03841263411716245,0.002883093857723118,0.0,0,0
2017-09-01,37900000.0,22720.666666666668,1281.5,105.97662673149026,6.25,17.450461670052654,10.031030215127602,7.155786545804125,4.663218567264699,0.005291017634416306,-0.0002634041978133439,-0.026717493120091973,0.002883093857724006,0.0,0,0
2017-10-01,37200000.0,22714.727272727272,1277.3499755859375,106.28260816773279,6.0,17.431819319243374,10.030768771637923,7.152542879241162,4.666101661122422,-0.018642350809280117,-0.00026144348967882536,-0.0032436665629633765,0.002883093857723118,-0.25,0,0
2017-11-01,37300000.0,22705.636363636364,1273.199951171875,106.58947305009181,6.0,17.434503884614045,10.030368470606208,7.149288657057226,4.668984754980145,0.002684565370671521,-0.000400301031715955,-0.0032542221839362284,0.002883093857723118,0.0,0,0
2017-12-01,37700000.0,22703.404761904763,1306.300048828125,106.89722392930064,6.0,17.445170652418238,10.030270181733416,7.1749540298714685,4.671867848837869,0.01066676780419229,-9.828887279184073e-05,0.025665372814242637,0.002883093857724006,0.0,0,0
2018-01-01,37400000.0,22703.434782608696,1339.0,107.20753495663065,6.0,17.43718126238476,10.03027150403218,7.199678345691172,4.674766534941101,-0.007989390033475985,1.3222987647054651e-06,0.02472431581970369,0.002898686103232073,0.0,0,0
2018-02-01,37700000.0,22708.1,1315.5,107.5187467831596,6.0,17.445170652418238,10.030476968015288,7.181972100480348,4.677665221044333,0.007989390033475985,0.0002054639831072791,-0.017706245210824534,0.002898686103232073,0.0,0,0
2018-03-01,37400000.0,22776.75,1322.800048828125,107.83086202380967,6.0,17.43718126238476,10.03349555781508,7.187506018020341,4.680563907147566,-0.007989390033475985,0.003018589799792082,0.005533917539993105,0.0028986861032329614,0.0,0,0
2018-04-01,37200000.0,22782.380952380954,1311.4500122070312,108.14388330109392,6.0,17.431819319243374,10.033742750959107,7.178888683603051,4.683462593250798,-0.005361943141387826,0.0002471931440268804,-0.008617334417289513,0.002898686103232073,0.0,0,0
2018-05-01,37200000.0,22779.130434782608,1300.0999755859375,108.45781324513825,6.0,17.431819319243374,10.033600063962785,7.17019644478952,4.68636127935403,0.0,-0.00014268699632147275,-0.008692238813531539,0.002898686103232073,0.0,0,0
2018-06-01,36700000.0,22851.0,1251.300048828125,108.77265449370356,6.0,17.4182873130248,10.036750159040897,7.131938328892926,4.689259965457263,-0.013532006218575532,0.0031500950781122583,-0.03825811589659356,0.0028986861032329614,0.0,0,0
2018-07-01,36700000.0,23100.090909090908,1225.800048828125,109.08840969220785,6.0,17.4182873130248,10.047591831960622,7.111349010885311,4.692158651560495,0.0,0.010841672919724488,-0.0205893180076151,0.002898686103232073,0.0,0,0
2018-08-01,36900000.0,23293.08695652174,1200.300048828125,109.40508149374851,6.0,17.423722109010754,10.055911898385496,7.090326845211233,4.6950573376637275,0.005434795985955532,0.008320066424873929,-0.02102216567407833,0.002898686103232073,0.0,0,0
2018-09-01,36500000.0,23307.9,1191.5,109.72267255912456,6.0,17.41282281855272,10.056547637881357,7.082968296538797,4.6979560237669595,-0.010899290458034727,0.0006357394958609319,-0.007358548672435461,0.002898686103232073,0.0,0,0
2018-10-01,36600000.0,23343.565217391304,1212.300048828125,110.04118555685906,6.0,17.415558798371595,10.058076645563045,7.100274701029799,4.7008547098701925,0.0027359798188761886,0.001529007681687844,0.01730640449100207,0.0028986861032329614,0.0,0,0
2018-11-01,37800000.0,23324.81818181818,1220.199951171875,110.36062316322148,6.0,17.447819660589815,10.057273230693445,7.106770018701258,4.703753395973425,0.032260862218219444,-0.0008034148695994503,0.0064953176714590555,0.002898686103232073,0.0,0,0
2018-12-01,37200000.0,23283.714285714286,1278.300048828125,110.6809880622502,6.0,17.431819319243374,10.055509437474313,7.153286387371679,4.7066520820766575,-0.016000341346440905,-0.0017637932191316708,0.04651636867042086,0.0028986861032329614,0.0,0,0
2019-01-01,37200000.0,23197.695652173912,1319.699951171875,110.93561194631623,6.0,17.431819319243374,10.051808227383981,7.185159680023371,4.708949960449449,0.0,-0.0037012100903321965,0.031873292651691365,0.0022978783727918284,0.0,0,0
2019-02-01,37900000.0,23202.25,1312.800048828125,111.19082159785209,6.0,17.450461670052654,10.052004535710498,7.17991757696976,4.711247838822242,0.018642350809280117,0.00019630832651706953,-0.005242103053610947,0.0022978783727927166,0.0,0,0
2019-03-01,37800000.0,23200.14285714286,1293.0,111.44661836442789,6.0,17.447819660589815,10.051913715270912,7.164720378771857,4.713545717195034,-0.002642009462839212,-9.082043958663633e-05,-0.015197198197902217,0.0022978783727918284,0.0,0,0
2019-04-01,37400000.0,23213.909090909092,1282.800048828125,111.70300359671381,6.0,17.43718126238476,10.052506907788786,7.156800505882708,4.715843595567827,-0.010638398205053079,0.0005931925178739306,-0.007919872889149637,0.0022978783727927166,0.0,0,0
2019-05-01,39000000.0,23351.260869565216,1305.800048828125,111.9599786484873,6.0,17.47907220409392,10.05840626033575,7.174571196145797,4.7181414739406184,0.04189094170915908,0.005899352546963499,0.017770690263088973,0.0022978783727918284,0.0,0,0
2019-06-01,39600000.0,23335.55,1409.699951171875,112.21754487664018,6.0,17.49433967622471,10.057733227851172,7.251132160139633,4.720439352313411,0.015267472130787496,-0.0006730324845776181,0.0765609639938365,0.0022978783727927166,0.0,0,0
2019-07-01,40400000.0,23217.652173913044,1426.0999755859375,112.47570364118585,6.0,17.51434034293138,10.052668137905115,7.262698707623261,4.722737230686204,0.020000666706671666,-0.005065089946056034,0.01156654748362751,0.0022978783727927166,0.0,0,0
2019-08-01,43900000.0,23208.18181818182,1519.0999755859375,112.73445630526643,6.0,17.5974248780454,10.052260160059669,7.325873317142218,4.725035109058996,0.08308453511401837,-0.0004079778454464389,0.06317460951895715,0.0022978783727918284,0.0,0,0
2019-09-01,42600000.0,23202.52380952381,1515.25,112.99380423516,6.0,17.5673648112396,10.052016336631022,7.323335720831395,4.727332987431788,-0.03006006680579887,-0.0002438234286472607,-0.002537596310823176,0.0022978783727927166,0.0,0,0
2019-10-01,42800000.0,23202.434782608696,1511.4000244140625,113.25374880028777,6.0,17.572048660552024,10.052012499674031,7.320791668739896,4.72963086580458,0.004683849312424826,-3.836956990355134e-06,-0.00254405209149855,0.0022978783727918284,0.0,0,0
2019-11-01,43100000.0,23197.809523809523,1465.5999755859375,113.51429137322133,6.0,17.579033555073977,10.051813136119653,7.290019977261799,4.731928744177373,0.0069848945219526115,-0.0001993635543779959,-0.03077169147809755,0.0022978783727927166,0.0,0,0
2019-12-01,43900000.0,23172.31818181818,1524.25,113.77543332968992,6.0,17.5974248780454,10.050713663428049,7.329257764787926,4.734226622550166,0.01839132297142143,-0.0010994726916049302,0.039237787526126944,0.0022978783727927166,0.0,0,0
2020-01-01,44900000.0,23173.956521739132,1582.9000244140625,114.07640168346933,6.0,17.619948352712484,10.05078436338968,7.367013902115322,4.7368684141232,0.022523474667085708,7.069996163089343e-05,0.037756137327396466,0.0026417915730343466,0.0,0,0
2020-02-01,46800000.0,23239.5,1564.0999755859375,114.37816618407346,6.0,17.661393760887876,10.053608696104456,7.35506584207118,4.739510205696235,0.04144540817539166,0.0028243327147770003,-0.011948060044142395,0.002641791573035235,0.0,0,0
2020-03-01,45500000.0,23353.18181818182,1624.1499633789062,114.68072893753691,5.0,17.633222883921178,10.058488520116924,7.39273985844045,4.74215199726927,-0.028170876966697733,0.004879824012467893,0.03767401636927037,0.0026417915730343466,-1.0,1,0
2020-04-01,47100000.0,23474.18181818182,1684.199951171875,114.98409205546534,5.0,17.667783558986645,10.063656450143485,7.429045923604011,4.744793788842305,0.03456067506546745,0.005167930026560796,0.036306065163561385,0.002641791573035235,0.0,1,0
2020-05-01,48900000.0,23343.85714285714,1736.9000244140625,115.28825765505022,4.5,17.7052879544451,10.058089151092418,7.459857208116079,4.747435580415339,0.03750439545845552,-0.005567299051067565,0.03081128451206805,0.0026417915730343466,-0.5,1,0
2020-06-01,49800000.0,23220.5,1793.0,115.59322785908356,4.5,17.72352554199488,10.052790788181115,7.491645473605133,4.750077371988374,0.018237587549780443,-0.00529836291130259,0.03178826548905356,0.002641791573035235,0.0,1,0
2020-07-01,55000000.0,23183.91304347826,1962.800048828125,115.89900479597277,4.5,17.822843743196746,10.051213913840794,7.582127329092518,4.752719163561409,0.0993182012018643,-0.001576874340321055,0.09048185548738541,0.0026417915730343466,0.0,1,0
2020-08-01,62700000.0,23173.619047619046,1967.5999755859375,116.20559059975554,4.5,17.95387200560315,10.050769800637866,7.584569792513143,4.755360955134444,0.13102826240640297,-0.0004441132029278094,0.0024424634206248186,0.002641791573035235,0.0,1,0
2020-09-01,56900000.0,23177.886363636364,1887.5,116.51298741011465,4.5,17.85680589909656,10.05095392911402,7.54300848112318,4.758002746707478,-0.09706610650658831,0.00018412847615323358,-0.04156131138996333,0.0026417915730343466,0.0,1,0
2020-10-01,55700000.0,23181.68181818182,1877.4000244140625,116.82119737239297,4.0,17.835490704897513,10.051117668971951,7.537643132907079,4.760644538280514,-0.021315194199047482,0.0001637398579319438,-0.005365348216100685,0.002641791573035235,-0.5,1,0
2020-11-01,55000000.0,23169.04761904762,1885.25,117.13022263760841,4.0,17.822843743196746,10.050572512526712,7.541815717082756,4.763286329853548,-0.012646961700767179,-0.0005451564452396696,0.00417258417567723,0.0026417915730343466,0.0,1,0
2020-12-01,55900000.0,23122.130434782608,1893.0999755859375,117.44006536246893,4.0,17.83907493812533,10.048545465374213,7.545970963119523,4.765928121426583,0.016231194928582937,-0.0020270471524987954,0.004155246036766869,0.002641791573035235,0.0,1,0
2021-01-01,55100000.0,23067.0,1847.300048828125,117.61813050283054,4.0,17.824660274123143,10.04615830370029,7.521480418996749,4.767443194523845,-0.014414664002185162,-0.002387161673922833,-0.024490544122774516,0.0015150730972619542,0.0,1,0
2021-02-01,54100000.0,23014.25,1728.0999755859375,117.79646562936863,4.0,17.80634474381671,10.043868868277388,7.454777803932255,4.768958267621106,-0.018315530306434624,-0.002289435422902386,-0.06670261506449382,0.001515073097261066,0.0,1,0
2021-03-01,55200000.0,23057.0,1713.800048828125,117.97507115144201,4.0,17.826473511247325,10.045724689956613,7.446468434726164,4.770473340718368,0.020128767430616534,0.0018558216792250448,-0.008309369206091155,0.0015150730972619542,0.0,1,0
2021-04-01,55100000.0,23068.136363636364,1767.300048828125,118.15394747903018,4.0,17.824660274123143,10.046207566094473,7.477208264824408,4.77198841381563,-0.00181323712418191,0.0004828761378607993,0.030739830098243992,0.0015150730972619542,0.0,1,0
2021-05-01,55800000.0,23051.333333333332,1902.5,118.33309502273426,4.0,17.837284427351538,10.04547889201574,7.550924089735841,4.773503486912892,0.012624153228394164,-0.0007286740787328938,0.07371582491143336,0.0015150730972619542,0.0,1,0
2021-06-01,56600000.0,22995.272727272728,1770.800048828125,118.51251419377792,4.0,17.85151954317341,10.043043940189525,7.479186728432034,4.775018560010153,0.014235115821872313,-0.002434951826215226,-0.07173736130380703,0.001515073097261066,0.0,1,0
2021-07-01,57200000.0,23004.727272727272,1812.5999755859375,118.69220540400835,4.0,17.862064456350026,10.043455007388989,7.502517544151597,4.776533633107415,0.010544913176616433,0.00041106719946348846,0.023330815719562636,0.0015150730972619542,0.0,1,0
2021-08-01,57000000.0,22846.454545454544,1783.9500122070312,118.87216906589718,4.0,17.858561825798823,10.036551222158936,7.486585292684062,4.778048706204677,-0.0035026305512033673,-0.006903785230052861,-0.015932251467535075,0.0015150730972619542,0.0,1,0
2021-09-01,57100000.0,22759.636363636364,1755.300048828125,119.05240559254146,4.0,17.86031467462624,10.032743911119503,7.470395089279838,4.779563779301939,0.001752848827415221,-0.0038073110394325482,-0.016190203404224057,0.0015150730972619542,0.0,1,0
2021-10-01,58100000.0,22753.95238095238,1783.0,119.23291539766457,4.0,17.87767622182214,10.032494140320482,7.48605261786314,4.7810788523992,0.01736154719590033,-0.00024977079902122057,0.015657528583302494,0.001515073097261066,0.0,1,0
2021-11-01,57900000.0,22676.045454545456,1773.5999755859375,119.41369889561717,4.0,17.874227942543225,10.029064379964387,7.4807666445368435,4.782593925496462,-0.0034482792789134464,-0.0034297603560951018,-0.005285973326296656,0.0015150730972619542,0.0,1,0
2021-12-01,60800000.0,22909.608695652172,1827.5,119.5947565013782,4.0,17.923100346936394,10.039311695234113,7.510704191623933,4.784108998593724,0.04887240439316898,0.010247315269726442,0.029937547087089733,0.0015150730972619542,0.0,1,0
2022-01-01,61400000.0,22693.714285714286,1795.0,119.9048798094325,4.0,17.93292039311737,10.029843261411555,7.492760300922379,4.7866987601997195,0.00982004618097676,-0.009468433822558353,-0.01794389070155411,0.0025897616059955553,0.0,1,0
2022-02-01,62400000.0,22737.0,1899.4000244140625,120.21580730379908,4.0,17.949075833339656,10.031748832480138,7.549293338662418,4.789288521805716,0.016155440222284767,0.001905571068583356,0.056533037740038594,0.0025897616059964434,0.0,1,0
2022-03-01,68400000.0,22855.478260869564,1949.199951171875,120.52754106982789,4.0,18.040883382592778,10.036946116421746,7.57517428591901,4.791878283411712,0.09180754925312229,0.005197283941607012,0.02588094725659218,0.0025897616059964434,0.0,1,0
2022-04-01,69700000.0,22911.666666666668,1909.300048828125,120.84008319827643,4.0,18.05971087573075,10.03940152123741,7.554491987293255,4.794468045017708,0.01882749313797305,0.0024554048156648633,-0.020682298625755102,0.0025897616059955553,0.0,1,0
2022-05-01,68500000.0,23086.727272727272,1856.7000122070312,121.1534357853238,4.0,18.042344303232454,10.047013154439085,7.52655600398801,4.797057806623704,-0.017366572498296762,0.0076116332016749055,-0.027935983305244605,0.0025897616059964434,0.0,1,0
2022-06-01,67600000.0,23215.863636363636,1804.0999755859375,121.4676009325847,4.0,18.029118541013194,10.052591101414594,7.497817117926213,4.7996475682297,-0.013225762219260417,0.005577946975508397,-0.028738886061796975,0.0025897616059955553,0.0,1,0
2022-07-01,66700000.0,23378.904761904763,1762.9000244140625,121.78258074712363,4.0,18.01571551088585,10.059589388843454,7.474715473140505,4.802237329835696,-0.013403030127342674,0.00699828742886055,-0.023101644785707975,0.0025897616059964434,0.0,1,0
2022-08-01,66900000.0,23400.869565217392,1712.800048828125,122.0983773414689,4.0,18.01870952509846,10.06052846156207,7.445884765783252,4.804827091441692,0.0029940142126072544,0.0009390727186158188,-0.028830707357252905,0.0025897616059955553,0.0,1,0
2022-09-01,66700000.0,23626.136363636364,1662.4000244140625,122.4149928336269,5.0,18.01571551088585,10.070108851253273,7.416017635030997,4.807416853047688,-0.0029940142126072544,0.00958038969120345,-0.029867130752255555,0.0025897616059964434,1.0,1,0
2022-10-01,66700000.0,24326.904761904763,1635.9000244140625,122.7324293470962,6.0,18.01571551088585,10.099338208691728,7.399948405524059,4.810006614653685,0.0,0.029229357438454784,-0.016069229506937788,0.0025897616059964434,1.0,1,0
2022-11-01,67200000.0,24810.909090909092,1746.0,123.05068901088191,6.0,18.023183805493378,10.119038718130989,7.465082736399547,4.81259637625968,0.007468294607527071,0.019700509439260827,0.06513433087548837,0.0025897616059955553,0.0,1,0
2022-12-01,66500000.0,23738.18181818182,1819.699951171875,123.36977395950987,6.0,18.012712505626084,10.074840077959509,7.506426904486133,4.815186137865677,-0.010471299867294448,-0.04419864017148001,0.04134416808658603,0.0025897616059964434,0.0,1,0
2023-01-01,66200000.0,23459.045454545456,1824.2999877929688,123.69931310363283,6.0,18.008191020907237,10.063011433167635,7.508951624102823,4.817853726461705,-0.0045214847188468354,-0.01182864479187451,0.0025247196166899855,0.0026675885960285584,0.0,1,0
2023-02-01,66100000.0,23638.7,1828.9000244140625,124.02973249616693,6.0,18.006679304821915,10.070640478468182,7.511469985559572,4.820521315057735,-0.001511716085321524,0.007629045300546977,0.0025183614567483303,0.0026675885960294465,0.0,1,0
2023-03-01,66800000.0,23579.347826086956,1969.0,124.3610344883875,6.0,18.017213638506874,10.068126515782113,7.585281078639126,4.823188903653763,0.010534333684958597,-0.002513962686068183,0.07381109307955391,0.0026675885960285584,0.0,1,0
2023-04-01,66700000.0,23464.8,1990.0999755859375,124.6932214378505,5.5,18.01571551088585,10.06325670485957,7.59594015544451,4.825856492249792,-0.00149812762102286,-0.004869810922542683,0.010659076805384693,0.0026675885960285584,-0.5,1,0
2023-05-01,66900000.0,23458.217391304348,1963.9000244140625,125.02629570840926,5.0,18.01870952509846,10.062976134295068,7.5826875835525955,4.8285240808458205,0.0029940142126072544,-0.0002805705645023693,-0.013252571891914755,0.0026675885960285584,-0.5,1,0
2023-06-01,65600000.0,23510.409090909092,1921.0999755859375,125.36025967023136,5.0,17.999086253914317,10.065198542101955,7.56065320492602,4.83119166944185,-0.01962327118414109,0.0022224078068866504,-0.02203437862657509,0.0026675885960294465,0.0,1,0
2023-07-01,66900000.0,23665.666666666668,1970.5,125.69511569981539,4.5,18.01870952509846,10.071780612941511,7.586042596635059,4.8338592580378785,0.01962327118414109,0.006582070839556309,0.0253893917090382,0.0026675885960285584,-0.5,1,0
2023-08-01,66100000.0,23873.652173913044,1938.199951171875,126.03086618000796,4.5,18.006679304821915,10.080530710306707,7.569514961107938,4.836526846633907,-0.012030220276542991,0.008750097365195941,-0.016527635527120665,0.0026675885960285584,0.0,1,0
2023-09-01,66500000.0,24220.47619047619,1848.0999755859375,126.3675135000206,4.5,18.012712505626084,10.094953677957415,7.521913350081353,4.8391944352299365,0.006033200804168359,0.014422967650707719,-0.04760161102658511,0.0026675885960294465,0.0,1,0
2023-10-01,66600000.0,24477.863636363636,1943.0999755859375,126.70506005544682,4.5,18.014215135510618,10.105524463061649,7.57203990229249,4.841862023825965,0.0015026298845342012,0.010570785104233593,0.05012655221113693,0.0026675885960285584,0.0,1,0
2023-11-01,69900000.0,24313.0,2038.0999755859375,127.04350824827908,4.5,18.06257620720404,10.098766465702033,7.619773268313499,4.844529612421994,0.048361071693420854,-0.006757997359615686,0.04773336602100908,0.0026675885960285584,0.0,1,0
2023-12-01,72000000.0,24278.761904761905,2062.39990234375,127.38286048692594,4.5,18.09217667698033,10.097357251482912,7.631625584834141,4.847197201018023,0.02960046977629105,-0.0014092142191213242,0.011852316520641892,0.0026675885960294465,0.0,1,0
2024-01-01,74800000.0,24460.217391304348,2048.39990234375,127.76101235630779,4.5,18.130328442944705,10.10480329682654,7.62481423191399,4.850161427766313,0.03815176596437553,0.007446045343629137,-0.006811352920150782,0.0029642267482898887,0.0,1,1
2024-02-01,77700000.0,24484.04761904762,2045.699951171875,128.14028681656075,4.5,18.168365815337875,10.105777066873808,7.6234952843260535,4.853125654514604,0.03803737239316973,0.000973770047266953,-0.001318947587936492,0.002964226748290777,0.0,1,1
2024-03-01,80700000.0,24715.428571428572,2217.39990234375,128.52068720023547,4.5,18.206249133240178,10.115182966130005,7.7040905732973695,4.8560898812628945,0.03788331790230259,0.009405899256197614,0.08059528897131596,0.002964226748290777,0.0,1,1
2024-04-01,85000000.0,25170.68181818182,2291.39990234375,128.9022168497757,4.5,18.258161814454592,10.133435176287774,7.736918220840929,4.859054108011185,0.05191268121441439,0.0182522101577689,0.03282764754355938,0.002964226748290777,0.0,1,1
2024-05-01,88500000.0,25433.739130434784,2322.89990234375,129.28487911754766,4.5,18.298513109978156,10.143831883802244,7.750571642020127,4.862018334759475,0.04035129552356409,0.010396707514470194,0.013653421179197878,0.0029642267482898887,0.0,1,1
2024-06-01,77000000.0,25438.35,2327.699951171875,129.66867736586948,4.5,18.159315979817958,10.144013156860089,7.752635913591029,4.864982561507766,-0.1391971301601984,0.00018127305784432224,0.0020642715709024984,0.002964226748290777,0.0,1,1
2024-07-01,79000000.0,25363.608695652172,2426.5,130.05361496704077,4.5,18.184958410431296,10.141070697152113,7.794205168845271,4.867946788256057,0.025642430613338263,-0.0029424597079756865,0.04156925525424171,0.002964226748290777,0.0,1,1
2024-08-01,80500000.0,25015.68181818182,2493.800048828125,130.43969530337222,4.5,18.20376774238879,10.127258179924306,7.821562950142294,4.870911015004347,0.018809331957495345,-0.013812517227806964,0.02735778129702293,0.0029642267482898887,0.0,1,1
2024-09-01,83000000.0,24635.571428571428,2616.050048828125,130.8269217672153,4.5,18.234351165760874,10.111946670510605,7.869420844209111,4.873875241752637,0.030583423372082308,-0.015311509413701074,0.04785789406681751,0.002964226748290777,0.0,1,1
2024-10-01,87000000.0,25041.608695652172,2738.300048828125,131.21529776099214,4.5,18.28141867661886,10.128294068184443,7.915092586706181,4.876839468500928,0.04706751085798544,0.016347397673838415,0.04567174249706962,0.002964226748290777,0.0,1,1
2024-11-01,86000000.0,25361.380952380954,2657.0,131.60482669722535,4.5,18.269857854217783,10.140982861026838,7.884952945759814,4.879803695249219,-0.011560822401076365,0.012688792842395102,-0.03013964094636723,0.002964226748290777,0.0,1,1
2024-12-01,87000000.0,25413.363636363636,2734.75,131.99551199856805,4.5,18.28141867661886,10.143030442066017,7.9137953029999,4.882767921997509,0.011560822401076365,0.002047581039178681,0.028842357240086436,0.0029642267482898887,0.0,1,1
2025-01-01,89000000.0,25263.478260869564,2812.5,132.38735709783396,4.5,18.304146927696415,10.137115084796648,7.941829046512676,4.8857321487458,0.02272825107755594,-0.005915357269369537,0.028033743512775544,0.002964226748290777,0.0,1,1
2025-02-01,90500000.0,25423.65,2836.800048828125,132.78036543802747,4.5,18.320860408670153,10.143435122161915,7.950431952532339,4.88869637549409,0.01671348097373837,0.006320037365266984,0.008602906019663514,0.002964226748290777,0.0,1,1
2025-03-01,101800000.0,25529.285714285714,3122.800048828125,133.17454047237402,4.5,18.438520662080695,10.147581531555282,8.046485329882143,4.891660602242381,0.11766025341054132,0.004146409393367634,0.09605337734980424,0.002964226748290777,0.0,1,1
2025-04-01,121300000.0,25874.021739130436,3305.0,133.56988566435035,4.5,18.613777373914278,10.160994722669596,8.103191752285786,4.894624828990672,0.17525671183358327,0.013413191114313605,0.056706422403642875,0.002964226748290777,0.0,1,1
2025-05-01,118200000.0,25965.204545454544,3288.89990234375,133.96640448771495,4.5,18.587888662936273,10.164512633984904,8.098308411655925,4.897589055738962,-0.02588871097800549,0.0035179113153080976,-0.004883340629861621,0.0029642267482898887,0.0,1,1
2025-06-01,119500000.0,26089.45238095238,3291.0499267578125,134.36410042653864,4.5,18.59882692933584,10.169286388295786,8.098961919523438,4.900553282487253,0.010938266399566743,0.004773754310882339,0.00065350786751317,0.002964226748290777,0.0,1,1
2025-07-01,121500000.0,26157.695652173912,3293.199951171875,134.7629769752351,4.5,18.615424820744877,10.171898715000674,8.099615000597316,4.903517509235543,0.016597891409038112,0.0026123267048880905,0.0006530810738780701,0.002964226748290777,0.0,1,1
2025-08-01,130600000.0,26295.333333333332,3473.699951171875,135.1630376385916,4.5,18.687649774806605,10.177146762624341,8.152975573229819,4.906481735983834,0.07222495406172769,0.005248047623666707,0.05336057263250282,0.002964226748290777,0.0,1,1
2025-09-01,136800000.0,26394.636363636364,3840.800048828125,135.56428593179984,4.5,18.734030563152725,10.180916100448908,8.25343596992974,4.909445962732124,0.04638078834612003,0.0037693378245666764,0.1004603966999209,0.0029642267482898887,0.0,1,1
2025-10-01,148400000.0,26346.32608695652,3982.199951171875,135.9667253804868,4.5,18.815421888697553,10.17908411680862,8.28958969711834,4.912410189480415,0.08139132554482842,-0.0018319836402884704,0.03615372718859966,0.002964226748290777,0.0,1,1
2025-11-01,154900000.0,26348.2,4218.2998046875,136.3703595207457,4.5,18.858290305387097,10.179155240440746,8.347187435963644,4.915374416228706,0.042868416689543665,7.112363212691264e-05,0.05759773884530439,0.002964226748290777,0.0,1,1
2025-12-01,159700000.0,26331.5,4325.60009765625,136.7751918991671,4.5,18.88880761318524,10.178521220104281,8.372306160644143,4.918338642976996,0.030517307798142213,-0.0006340203364647579,0.025118724680499582,0.002964226748290777,0.0,1,1
